Cumulative Rewards, Average Rewards, No Timesteps
-1258.8798313614052, -12.978142591354693, 97
-981.4332762916888, -10.784981058150427, 91
-1144.7169747203586, -12.04965236547746, 95
-987.3178378872891, -11.480439975433594, 86
-730.3950909497864, -13.27991074454157, 55
-1075.3208468925507, -12.503730777820357, 86
-1008.282544117634, -12.44793264342758, 81
-1031.3519807007838, -11.45946645223093, 90
-739.4346808980504, -12.121880014722137, 61
-1359.671156719781, -12.827086384148878, 106
