Cumulative Rewards, Average Rewards, No Timesteps
-1184.041390212338, -12.20661227023029, 97
-756.5799777465394, -12.823389453331176, 59
