Cumulative Rewards, Average Rewards, No Timesteps
-795.747523092848, -12.242269586043816, 65
-864.0445938570883, -12.169642167001244, 71
-852.2614079682862, -13.111713968742865, 65
-767.1503545544058, -12.785839242573429, 60
-792.5562480350393, -12.580257905318083, 63
-857.501285822741, -12.250018368896301, 70
-1837.667240539778, -14.819897101127243, 124
-770.5031192975251, -9.064742579970885, 85
-799.9612918151236, -12.307096797155747, 65
-1107.2698654482347, -12.727239832738329, 87
